City,Country,Latitude,Longitude,Observed_At,Temp_Celsius,Humidity,Precipitation_mm,Wind_Speed_kmh,Weather_Code
MUMBAI,India,19.076,72.8777,2026/03/20 03:15:00,14.99,53.7,11.19,18.6,95
Paris,France,48.8566,2.3522,2026/03/20 06:15:00,30.63,41.1,11.89,33.6,61
Mumbai,India,19.076,72.8777,2026-03-22T00:15:00,24.17,58.2,1.51,14.5,0
  mumbai ,India,19.076,72.8777,2026/03/21 23:45:00,9.4,36.6,0.0,30.3,2
  são paulo ,Brazil,-23.5505,-46.6333,2026/03/20 04:30:00,8.11,89.3,0.32,40.3,999
New York,USA,40.7128,-74.006,2026/03/20 00:45:00,,56.1,N/A,21.1,61
Paris,France,48.8566,2.3522,2026-03-21T03:15:00,-999,-15.0,12.0,,0
London,UK,51.5074,-0.1278,2026-03-20T10:00:00,18.93,62.1,11.34,7.6,51
Paris,France,48.8566,2.3522,21-03-2026 03:00,13.81,37.5,8.12,36.0,999
New York   ,USA,40.7128,-74.006,2026-03-20T19:15:00,999.0,69.3,4.41,1.9,95
Mumbai,India,19.076,72.8777,21-03-2026 19:15,28.1,60.7,7.77,31.2,2
New York,USA,40.7128,-74.006,2026-03-20T11:30:00,17.17,83.1,8.07,7.3,999
  paris ,France,48.8566,2.3522,2026/03/20 09:45:00,21.54,45.1,8.61,13.6,61
Paris,France,48.8566,2.3522,2026-03-20T21:00:00,28.2 C,51.4,3.76,26.9,95
São Paulo,Brazil,-23.5505,-46.6333,2026-03-20T07:00:00,21.25,46.9,9.31,23.9,61
Paris,France,48.8566,2.3522,2026-03-20T16:00:00,12.52,33.5,6.05,13.6,80
MUMBAI,India,19.076,72.8777,2026-03-20T00:45:00,17.52,61.2,6.12,22.7,2
Mumbai,India,19.076,72.8777,2026/03/20 05:45:00,24.35,73.3,2.06,32.6,0
London,UK,51.5074,-0.1278,21-03-2026 18:00,10.53,40.0,N/A,,2
Mumbai,India,19.076,72.8777,2026-03-20T02:15:00,18.51,86.6,6.81,37.3,95
Mumbai,India,19.076,72.8777,2026-03-20T03:30:00,-999,79.6,1.36,15.0,3
Sydney,Australia,-33.8688,151.2093,20-03-2026 03:15,17.37,36.8,2.81,4.9,999
  paris ,France,48.8566,2.3522,2026-03-20T08:00:00,21.86,80.3,12.12,,80
Mumbai   ,India,19.076,72.8777,2026/03/21 15:00:00,21.23,38.1,14.67,40.3,61
São Paulo,Brazil,-23.5505,-46.6333,2026/03/21 23:15:00,29.89,35.6,10.15,35.0,51
Mumbai,India,19.076,72.8777,20-03-2026 02:00,19.21,50.2,0.42,23.8,61
NEW YORK,USA,40.7128,-74.006,2026-03-20T23:30:00,29.14,66.6,0.51,10.5,80
  new york ,USA,40.7128,-74.006,2026-03-21T17:00:00,13.23,41.9,0.0,14.4,95
New York,USA,40.7128,-74.006,2026-03-20T15:45:00,30.41,34.5,1.41,44.7,1
Sydney   ,Australia,-33.8688,151.2093,2026-03-21T00:15:00,31.94,72.1,13.11,16.1,61
New York,USA,40.7128,-74.006,2026/03/20 00:45:00,26.94,94.8,1.11,44.4,3
São Paulo,Brazil,-23.5505,-46.6333,INVALID_TIMESTAMP,9.44,missing,12.92,21.5,80
SÃO PAULO,Brazil,-23.5505,-46.6333,2026-03-21T10:15:00,19.51,missing,12.13,0.8,2
Sydney,Australia,-33.8688,151.2093,2026/03/21 18:45:00,24.06,83.0,3.9,11.0,95
NEW YORK,USA,40.7128,-74.006,2026-03-21T10:30:00,17.68,missing,11.81,8.1,1
  mumbai ,India,19.076,72.8777,2026/03/20 02:45:00,31.62,64.6,8.85,36.0,61
  são paulo ,Brazil,-23.5505,-46.6333,2026-03-21T16:00:00,13.38,91.4,5.13,30.6,2
São Paulo,Brazil,-23.5505,-46.6333,2026-03-21T09:30:00,12.4,-15.0,0.0,33.0,0
Tokyo,Japan,35.6762,139.6503,2026/03/21 03:00:00,28.19,35.7,10.04,32.2,0
London,UK,51.5074,-0.1278,21-03-2026 08:00,31.7,89.0,11.88,30.6,999
Tokyo,Japan,35.6762,139.6503,2026-03-21T18:30:00,15.31,58.8,14.23,11.3,1
São Paulo   ,Brazil,-23.5505,-46.6333,2026-03-21T22:15:00,22.38,38.8,0.0,20.3,2
  london ,UK,51.5074,-0.1278,21-03-2026 23:15,8.01,-15.0,9.97,30.7,2
MUMBAI,India,19.076,72.8777,21-03-2026 23:00,16.77,47%,N/A,12.1,0
Paris,France,48.8566,2.3522,21-03-2026 18:45,23.55,185.0,9.31,41.7,61
Tokyo,Japan,35.6762,139.6503,2026-03-20T10:15:00,30.09,90.7,9.53,6.5,2
Tokyo,Japan,35.6762,139.6503,21-03-2026 04:15,16.63,51.2,6.79,29.6,80
New York,USA,40.7128,-74.006,2026/03/20 03:45:00,14.83,missing,4.8,20.2,0
Paris,France,48.8566,2.3522,21-03-2026 17:15,999.0,87.4,12.06,33.6,1
  tokyo ,Japan,35.6762,139.6503,2026-03-20T00:00:00,19.23,83.9,N/A,9.1,3
  mumbai ,India,19.076,72.8777,2026-03-20T12:45:00,27.3,67.2,11.22,8.7,2
Tokyo,Japan,35.6762,139.6503,2026-03-20T19:30:00,10.97,53.0,5.8,18.0,95
London   ,UK,51.5074,-0.1278,2026/03/20 16:15:00,,91.6,5.76,36.9,61
  tokyo ,Japan,35.6762,139.6503,2026/03/20 03:15:00,,56.8,2.39,42.9,999
Tokyo,Japan,35.6762,139.6503,2026-03-20T03:45:00,-999,-15.0,7.67,9.5,80
Tokyo,Japan,35.6762,139.6503,2026/03/20 00:00:00,14.78,40.2,11.14,39.5,0
New York,USA,40.7128,-74.006,20-03-2026 03:15,10.26,82.1,1.03,34.5,80
  london ,UK,51.5074,-0.1278,INVALID_TIMESTAMP,25.59,63.2,0.13,42.6,95
  new york ,USA,40.7128,-74.006,2026-03-21T11:45:00,15.31,41.3,10.05,9.6,61
  mumbai ,India,19.076,72.8777,2026-03-20T00:45:00,,66.9,8.46,39.2,2
London,UK,51.5074,-0.1278,2026-03-21T07:45:00,11.48,80.5,0.0,9.8,80
Paris,France,48.8566,2.3522,20-03-2026 10:15,29.13,44.9,7.17,3.8,1
  london ,UK,51.5074,-0.1278,2026-03-21T14:45:00,-999,86.6,13.45,31.4,3
NEW YORK,USA,40.7128,-74.006,2026-03-21T01:00:00,26.48,-15.0,9.92,32.7,95
São Paulo,Brazil,-23.5505,-46.6333,2026-03-21T16:00:00,18.55,58.9,0.86,13.1,0
Mumbai,India,19.076,72.8777,2026-03-21T14:00:00,27.79,58.3,4.85,16.2,3
New York,USA,40.7128,-74.006,2026/03/21 13:15:00,12.84,42.6,4.74,0.3,80
MUMBAI,India,19.076,72.8777,2026-03-20T09:45:00,11.8,63%,1.81,24.6,3
São Paulo,Brazil,-23.5505,-46.6333,22-03-2026 00:15,,51.4,8.98,36.1,1
  paris ,France,48.8566,2.3522,2026-03-20T16:45:00,19.75,93.3,4.59,20.8,80
São Paulo,Brazil,-23.5505,-46.6333,2026-03-20T14:00:00,19.0 C,65.0,5.35,7.9,51
Paris,France,48.8566,2.3522,2026/03/20 12:30:00,24.75,82.1,-5.0,33.2,61
LONDON,UK,51.5074,-0.1278,2026-03-20T19:45:00,14.01,67.4,4.76,31.2,999
New York,USA,40.7128,-74.006,2026-03-21T18:30:00,14.5,43.4,2.2,26.6,2
São Paulo,Brazil,-23.5505,-46.6333,20-03-2026 08:45,29.76,45.0,8.15,29.2,1
London,UK,51.5074,-0.1278,2026-03-20T08:00:00,28.61,92.3,7.53,40.1,999
Mumbai,India,19.076,72.8777,2026-03-21T00:00:00,20.0,79.7,4.05,7.9,2
PARIS,France,48.8566,2.3522,20-03-2026 02:15,24.62,45.9,14.77,17.6,95
São Paulo   ,Brazil,-23.5505,-46.6333,2026-03-21T17:45:00,23.15,missing,12.87,28.4,1
  mumbai ,India,19.076,72.8777,2026/03/21 02:30:00,16.47,61.9,0.0,6.1,2
Mumbai,India,19.076,72.8777,21-03-2026 01:00,14.03,44.1,2.57,25.9,3
São Paulo,Brazil,-23.5505,-46.6333,21-03-2026 15:00,9.42,93.0,4.56,7.5,51
Sydney,Australia,-33.8688,151.2093,2026-03-21T13:00:00,26.91,54.3,1.31,34.1,51
Sydney,Australia,-33.8688,151.2093,21-03-2026 22:30,28.25,57.5,13.15,41.9,80
Sydney,Australia,-33.8688,151.2093,21-03-2026 02:30,27.23,92.8,2.83,15.9,3
  paris ,France,48.8566,2.3522,2026-03-20T08:00:00,21.86,80.3,12.12,,80
São Paulo,Brazil,-23.5505,-46.6333,20-03-2026 18:15,23.07,91.8,3.07,30.8,61
Paris,France,48.8566,2.3522,2026/03/21 06:15:00,-999,47.3,7.99,21.5,51
New York,USA,40.7128,-74.006,2026-03-20T11:15:00,9.58,missing,9.52,34.1,51
Sydney,Australia,-33.8688,151.2093,INVALID_TIMESTAMP,8.54,51.1,5.45,,1
São Paulo,Brazil,-23.5505,-46.6333,2026-03-21T04:30:00,8.58,34.0,2.81,10.2,999
LONDON,UK,51.5074,-0.1278,2026-03-21T07:15:00,30.33,57.5,1.84,21.6,1
London,UK,51.5074,-0.1278,INVALID_TIMESTAMP,10.76,72.7,6.72,16.8,80
Sydney,Australia,-33.8688,151.2093,2026-03-21T23:15:00,24.69,75.0,1.18,7.3,999
Mumbai,India,19.076,72.8777,2026/03/20 09:30:00,-999,90.9,4.27,14.7,1
Tokyo,Japan,35.6762,139.6503,2026/03/20 18:00:00,10.41,80.8,7.56,23.2,1
New York,USA,40.7128,-74.006,2026-03-20T02:45:00,17.16,53.3,4.96,4.3,0
  paris ,France,48.8566,2.3522,2026-03-20T15:15:00,24.45,87.4,-5.0,30.8,0
  são paulo ,Brazil,-23.5505,-46.6333,21-03-2026 00:00,30.7 C,33.6,2.35,19.8,3
Paris,France,48.8566,2.3522,2026-03-21T08:30:00,25.34,50.4,3.34,3.5,3
São Paulo,Brazil,-23.5505,-46.6333,2026/03/21 21:45:00,30.82,44.6,12.59,9.7,51
Tokyo,Japan,35.6762,139.6503,2026/03/21 05:15:00,9.59,58%,7.82,8.6,95
Mumbai,India,19.076,72.8777,2026-03-21T19:30:00,9.27,49.4,1.56,16.5,999
Paris,France,48.8566,2.3522,21-03-2026 03:00,13.81,37.5,8.12,36.0,999
  new york ,USA,40.7128,-74.006,2026-03-21T10:30:00,,89.1,9.28,30.8,2
Paris,France,48.8566,2.3522,2026/03/21 22:30:00,13.95,92.1,14.18,45.0,3
London,UK,51.5074,-0.1278,2026-03-20T10:00:00,18.93,62.1,11.34,7.6,51
London,UK,51.5074,-0.1278,2026/03/22 00:30:00,16.14,57.9,0.0,34.0,51
Tokyo,Japan,35.6762,139.6503,2026/03/20 17:30:00,12.72,82.9,-5.0,24.3,0
SYDNEY,Australia,-33.8688,151.2093,2026-03-21T00:00:00,12.33,54.0,0.54,,2
PARIS,France,48.8566,2.3522,2026-03-20T06:15:00,10.62,88.7,12.88,11.7,3
Sydney,Australia,-33.8688,151.2093,2026-03-20T12:00:00,20.4 C,37.7,5.36,32.7,61
Mumbai,India,19.076,72.8777,21-03-2026 20:00,28.54,42.6,6.87,6.2,61
Tokyo,Japan,35.6762,139.6503,2026-03-20T14:00:00,24.2,88.2,7.08,33.2,61
  new york ,USA,40.7128,-74.006,20-03-2026 16:45,19.37,84.0,10.08,37.0,95
São Paulo,Brazil,-23.5505,-46.6333,2026-03-20T14:00:00,19.0 C,65.0,5.35,7.9,51
Paris   ,France,48.8566,2.3522,20-03-2026 21:45,17.19,89%,13.64,22.9,80
Sydney,Australia,-33.8688,151.2093,2026-03-21T20:15:00,13.86,35.9,N/A,2.5,2
  mumbai ,India,19.076,72.8777,2026/03/20 08:45:00,,40.8,5.52,20.5,80
Mumbai,India,19.076,72.8777,21-03-2026 10:15,19.01,92.6,5.75,13.6,80
Tokyo   ,Japan,35.6762,139.6503,2026-03-21T23:00:00,18.95,84.6,8.18,41.9,0
  sydney ,Australia,-33.8688,151.2093,21-03-2026 20:30,,77.0,4.42,7.6,80
  london ,UK,51.5074,-0.1278,21-03-2026 13:00,22.6,91.9,6.18,21.5,999
London,UK,51.5074,-0.1278,2026/03/20 13:45:00,19.4 C,71.2,2.86,44.2,80
